ID,name,frame,conf,max_speed
0,3,30,49,159.1292840609206
1,3,85,58,179.4638522560926
